new_x,elevation,ex_data,ny_data
0.0,81.25,279882.019,2755022.874
8.470000000000027,65.49,279889.3344,2755018.6049
15.389999999999986,67.9,279895.3111,2755015.117
35.99000000000001,68.69,279913.103,2755004.734
74.86000000000001,70.31,279946.6745,2754985.1423
85.92000000000007,84.55,279956.2269,2754979.5677
98.08000000000004,96.23,279966.7293,2754973.4387
103.87,96.49,279971.73,2754970.5204
139.0,94.98,280002.0713,2754952.8138
663.98,96.7,280455.489,2754688.208
