new_x,elevation,ex_data,ny_data
0.0,24.05,290200.579,2762400.096
6.360000000000014,24.85,290200.4447,2762393.7374
12.299999999999955,24.83,290200.3193,2762387.7987
18.449999999999932,25.06,290200.1894,2762381.65
442.97,24.76,290191.226,2761957.222
