new_x,elevation,ex_data,ny_data
0.0,81.25,279882.019,2755022.874
5.660000000000082,65.71,279886.9075,2755020.0212
31.460000000000036,69.35,279909.1906,2755007.0172
50.66000000000008,68.96,279925.7733,2754997.3398
68.16000000000008,68.87,279940.8878,2754988.5193
98.36000000000001,96.46,279966.9711,2754973.2976
104.16000000000008,96.33,279971.9805,2754970.3742
663.98,96.7,280455.489,2754688.208
