new_x,elevation,ex_data,ny_data
0.0,24.05,290200.579,2762400.096
1.67999999999995,24.65,290200.5435,2762398.4164
4.8799999999999955,24.96,290200.476,2762395.2171
13.799999999999955,24.9,290200.2876,2762386.299
442.97,24.76,290191.226,2761957.222
