new_x,elevation,ex_data,ny_data
0.0,29.65,288369.124,2761808.296
3.66,28.64,288371.2456,2761805.3137
5.960000000000001,26.17,288372.5788,2761803.4395
20.96,26.17,288381.2738,2761791.2168
70.96,28.07,288410.257,2761750.4745
321.66,27.36,288555.5791,2761546.1924
537.66,27.43,288680.7868,2761370.1855
541.66,27.84,288683.1055,2761366.9261
586.86,29.37,288709.3064,2761330.095
620.16,29.51,288728.6092,2761302.9607
620.8100000000001,31.16,288728.986,2761302.431
