new_x,elevation,ex_data,ny_data
0.0,24.05,290200.579,2762400.096
5.610000000000014,24.85,290200.4605,2762394.4872
11.17999999999995,24.96,290200.3429,2762388.9184
20.339999999999918,25.27,290200.1495,2762379.7604
27.529999999999973,25.52,290199.9977,2762372.572
442.97,24.76,290191.226,2761957.222
