new_x,elevation,ex_data,ny_data
0.0,24.05,290200.579,2762400.096
6.079999999999927,24.75,290200.4506,2762394.0173
11.079999999999927,24.8,290200.3451,2762389.0184
24.079999999999927,25.0,290200.0706,2762376.0212
442.97,24.76,290191.226,2761957.222
