new_x,elevation,ex_data,ny_data
0.0,24.05,290200.579,2762400.096
5.779999999999973,20.93,290200.457,2762394.3173
10.779999999999973,21.78,290200.3514,2762389.3183
15.779999999999973,24.7,290200.2458,2762384.3194
23.779999999999973,24.7,290200.0769,2762376.3212
442.97,24.76,290191.226,2761957.222
