new_x,elevation,ex_data,ny_data
0.0,24.05,290200.579,2762400.096
6.259999999999991,24.69,290200.4468,2762393.8374
11.199999999999932,24.97,290200.3425,2762388.8984
27.610000000000014,25.32,290199.996,2762372.492
442.97,24.76,290191.226,2761957.222
